{
    "Chula Vista": 1807850.674068221,
    "Campo": 2125223.767596835,
    "National City": 1656102.8831679276,
    "La Presa": 1856325.8663495965,
    "Heber": 2048778.8946540286,
    "Seeley": 2009992.3579110354,
    "El Cajon": 1808793.9099820824,
    "Bostonia": 1805409.8119613668,
    "San Diego": 1862285.8422014273,
    "Pine Valley": 2053592.4743728982,
    "Alpine": 1896455.7138855269,
    "Descanso": 2070374.2568779394,
    "Eucalyptus Hills": 1778677.224536864,
    "Del Mar": 1572179.8471725467,
    "Brawley": 2061209.6985526942,
    "Poway": 1878413.062487696,
    "Westmorland": 2052710.0678160295,
    "Ramona": 1993804.4176737915,
    "Julian": 1940560.5767282946,
    "Carlsbad": 1674591.4967592543,
    "San Marcos": 3276744.4580431106,
    "Escondido": 3331428.7890934963,
    "Oceanside": 1778342.5873778139,
    "Niland": 2033041.9800862237,
    "Borrego Springs": 2117856.330694915,
    "Salton City": 2088701.775108049,
    "Camp Pendleton North": 1823505.5597740554,
    "Avalon": 1599689.1620742024,
    "Fallbrook": 1823559.0126943465,
    "San Clemente": 1139160.3817125144,
    "Aguanga": 1982199.6265106902,
    "North Shore": 2097164.089932001,
    "Oasis": 2057160.184597785,
    "Laguna Beach": 1777667.6903401935,
    "Ladera Ranch": 1797013.755057049,
    "Murrieta": 1906583.2137318552,
    "Coto de Caza": 1757984.5419750276,
    "Mission Viejo": 1778821.1749375472,
    "Wildomar": 1883684.11060952,
    "Blythe": 2011381.3947608462,
    "Thermal": 1991672.4286872654,
    "Irvine": 1805048.9209902787,
    "Lake Elsinore": 1794662.9019895764,
    "Huntington Beach": 1768711.0413155032,
    "Tustin": 1801088.0419797304,
    "Hemet": 1970069.4956150267,
    "Indio": 1985176.6809928173,
    "Santa Ana": 1776998.0217612914,
    "Palm Desert": 1930467.572480366,
    "Idyllwild-Pine Cove": 1992658.3969361575,
    "Homeland": 1924080.9146569197,
    "Garden Grove": 1806025.812556624,
    "Palos Verdes Estates": 1770723.0555538973,
    "Perris": 1920601.6341220683,
    "Los Alamitos": 1812372.4652635425,
    "Long Beach": 1804481.5626208184,
    "Lake Mathews": 1874715.358464416,
    "Torrance": 1784400.3025218835,
    "Cathedral City": 1772863.9227538833,
    "Anaheim": 1901931.4142201373,
    "Indio Hills": 1982764.3491146897,
    "Corona": 1861000.0344807676,
    "Placentia": 1956351.8475372843,
    "Fullerton": 1916975.4004769234,
    "Manhattan Beach": 1750363.9455283592,
    "Compton": 1795645.2726256705,
    "Beaumont": 1916555.1197257957,
    "Cabazon": 2027905.613066943,
    "Moreno Valley": 1909291.0295910153,
    "Brea": 1909505.0864704533,
    "Downey": 3642149.679828135,
    "Riverside": 3700356.0005383445,
    "Banning": 1927142.997208638,
    "Desert Hot Springs": 2008085.3034477774,
    "Inglewood": 1677665.1591957025,
    "Florence-Graham": 1785516.5573338976,
    "Marina del Rey": 3455341.377683121,
    "West Whittier-Los Nietos": 3575744.2974384977,
    "Bell": 1790574.8010886097,
    "Hacienda Heights": 1824913.5387585529,
    "South San Jose Hills": 1816793.368796114,
    "Grand Terrace": 1904409.574654215,
    "Yucaipa": 1829796.9206610674,
    "Malibu": 1867380.1803924206,
    "Ontario": 1945851.5699955313,
    "Redlands": 1909220.1806603107,
    "West Covina": 1789821.6737200802,
    "Pomona": 1826627.1626725271,
    "Rosemead": 1789597.5022841196,
    "Montclair": 1820312.2315724096,
    "Morongo Valley": 2084800.4606504678,
    "Topanga": 1779567.7186622962,
    "Fontana": 1867449.9160383143,
    "South Pasadena": 1750938.6988936937,
    "Los Angeles": 1795552.8170948934,
    "Mayflower Village": 1786519.481524051,
    "East San Gabriel": 1800982.203478124,
    "Yucca Valley": 2121844.617109333,
    "Rancho Cucamonga": 1868456.309278639,
    "Big River": 2089241.0211046722,
    "San Bernardino": 1889335.8880880363,
    "Twentynine Palms": 2084131.0098866816,
    "Channel Islands Beach": 1893423.2744534255,
    "Glendale": 1804837.2661324947,
    "Oak Park": 1896772.06965518,
    "Thousand Oaks": 1936225.5173278041,
    "Oxnard": 1897825.9861592995,
    "Camarillo": 1944362.4529459092,
    "Crestline": 1905967.4174900004,
    "Lake Arrowhead": 1830740.5011168334,
    "Big Bear City": 2025808.9573504385,
    "Santa Susana": 1718796.5662965504,
    "Moorpark": 1946355.944638291,
    "San Fernando": 1817412.9857135108,
    "Wrightwood": 1925479.7271197208,
    "Santa Paula": 1950410.8141255006,
    "Oak Hills": 1930550.4669802985,
    "Carpinteria": 1894361.1428967474,
    "Fillmore": 1914591.679979763,
    "Piru": 1947155.4223526886,
    "Santa Clarita": 1941142.244034744,
    "Summerland": 1833309.0841771543,
    "Santa Barbara": 1839502.9848202185,
    "Lucerne Valley": 2077070.630153414,
    "Piñon Hills": 1956033.9598093205,
    "Meiners Oaks": 1936930.0170091263,
    "Hasley Canyon": 1953117.5543729248,
    "Acton": 1963624.337190837,
    "Agua Dulce": 1789310.6550094052,
    "Victorville": 1849864.1059694323,
    "Adelanto": 1968915.339942245,
    "Palmdale": 2000848.7574961197,
    "Lake Los Angeles": 2096231.2604855835,
    "Ballard": 1948118.251967714,
    "Elizabeth Lake": 1947170.3173952745,
    "Lancaster": 1898278.8029676296,
    "Los Alamos": 1936714.046001929,
    "Vandenberg AFB": 1885313.7084523388,
    "Silver Lakes": 1970446.6665547662,
    "Needles": 2090576.2316738311,
    "Pine Mountain Club": 4037214.2606211714,
    "Lebec": 3993310.1252407073,
    "Barstow": 2101270.1648466764,
    "Lenwood": 2119321.8254935234,
    "Edwards AFB": 2085022.4946012865,
    "Santa Maria": 1805276.0366105242,
    "New Cuyama": 1928659.6811546686,
    "Mojave": 2074314.2134970077,
    "Boron": 2091057.4897074217,
    "Nipomo": 1790007.7613881787,
    "Stallion Springs": 1761947.3053038716,
    "Grover Beach": 1715717.0179386036,
    "Taft": 3889539.689646938,
    "Tehachapi": 3768643.2310149223,
    "California City": 2118790.3960966994,
    "Avila Beach": 1641530.2408491026,
    "Valley Acres": 1943976.3819011336,
    "Weedpatch": 1896204.3416631995,
    "Fort Irwin": 2146478.022170918,
    "San Luis Obispo": 1657052.2523998325,
    "Baker": 2103563.8280211147,
    "Los Osos": 1303417.9910950917,
    "Bakersfield": 1880939.7740959297,
    "Morro Bay": 1319763.9622523594,
    "Santa Margarita": 3569247.4951269855,
    "Rosedale": 3752923.6627197443,
    "Buttonwillow": 1916592.5108901681,
    "Oildale": 1887178.0536841757,
    "Cambria": 1873031.40515201,
    "Templeton": 1777724.3132356398,
    "Bodfish": 1969948.4464234766,
    "Wasco": 1890221.071035779,
    "San Simeon": 1900682.615671168,
    "Lost Hills": 1949972.179856942,
    "China Lake Acres": 2061486.025418128,
    "Mountain Mesa": 1952971.2968379816,
    "Shandon": 1934882.6795671463,
    "McFarland": 1901165.9805523925,
    "Wofford Heights": 1997833.5084084687,
    "Lake Nacimiento": 1925449.5743267096,
    "Searles Valley": 2036833.0543649734,
    "Richgrove": 1890729.0902465547,
    "Allensworth": 1879156.2461517951,
    "Alpaugh": 1859099.2651302542,
    "Lockwood": 1926950.8530075357,
    "Pixley": 1855308.739726332,
    "Kettleman City": 1905010.7890498016,
    "San Ardo": 1900880.532313405,
    "Avenal": 1902547.012616638,
    "Poplar-Cotton Center": 1847198.9896011082,
    "Porterville": 1872250.4257235469,
    "Corcoran": 1807783.83254373,
    "Springville": 1911345.9577153139,
    "Coalinga": 1919213.9655151886,
    "Matheny": 1829289.7028467206,
    "Stratford": 1842410.9113014948,
    "East Tulare Villa": 1824673.2982760693,
    "Lindsay": 1831882.7053155638,
    "King City": 1874802.8572898647,
    "Lemoore": 1837065.3243249238,
    "Home Garden": 1814021.016346155,
    "Greenfield": 1870779.2336134792,
    "Visalia": 1774589.399921987,
    "Ivanhoe": 1804829.8993473535,
    "Riverdale": 1630786.3823196753,
    "Three Rivers": 1873212.068630099,
    "Laton": 1765864.7202603112,
    "Carmel Valley Village": 1722751.7845687417,
    "Gonzales": 1808061.354077291,
    "Orosi": 1757039.0998719877,
    "Lone Pine": 2072446.914038572,